VentaID,Fecha,ProductoID,TiendaID,Cantidad,PrecioUnitario,Ingreso
1,2025-04-22,21,4,2,360.67,721.34
2,2025-02-19,22,3,1,390.92,390.92
3,2025-04-15,7,2,2,326.05,652.1
4,2025-01-05,23,1,2,312.51,625.02
5,2024-12-26,31,9,2,462.0,924.0
6,2025-01-08,34,8,1,219.82,219.82
7,2025-03-03,13,10,3,414.16,1242.48
8,2025-02-08,34,1,4,219.82,879.28
9,2025-03-22,14,10,5,331.85,1659.25
10,2024-12-29,45,4,4,295.48,1181.92
11,2025-01-22,45,3,5,295.48,1477.4
12,2025-01-12,26,5,2,179.17,358.34
13,2025-03-08,31,1,5,462.0,2310.0
14,2025-04-30,40,5,3,245.98,737.94
15,2025-03-24,3,6,2,258.87,517.74
16,2024-12-27,15,6,4,483.51,1934.04
17,2025-04-29,40,1,2,245.98,491.96
18,2024-12-07,50,2,5,260.09,1300.45
19,2025-02-12,4,6,5,467.99,2339.95
20,2025-02-09,18,2,3,256.49,769.47
21,2024-12-11,7,9,1,326.05,326.05
22,2025-02-18,10,4,1,48.13,48.13
23,2025-04-06,17,9,2,424.42,848.84
24,2025-03-04,1,8,1,275.4,275.4
25,2025-02-08,49,8,5,336.82,1684.1
26,2025-03-08,25,5,3,79.54,238.62
27,2025-02-25,14,6,5,331.85,1659.25
28,2025-02-23,7,6,3,326.05,978.15
29,2025-03-08,3,5,3,258.87,776.61
30,2024-12-13,46,7,4,95.12,380.48
31,2025-05-20,36,8,1,331.35,331.35
32,2024-12-30,35,6,1,379.7,379.7
33,2024-12-17,4,5,1,467.99,467.99
34,2025-03-18,49,10,5,336.82,1684.1
35,2025-03-16,25,7,2,79.54,159.08
36,2024-11-21,11,10,2,401.47,802.94
37,2025-05-05,33,3,4,348.54,1394.16
38,2025-01-22,23,2,2,312.51,625.02
39,2024-12-18,30,7,4,467.99,1871.96
40,2024-12-19,49,3,3,336.82,1010.46
41,2025-02-18,40,2,4,245.98,983.92
42,2024-12-25,43,3,2,370.51,741.02
43,2025-04-07,17,10,3,424.42,1273.26
44,2025-04-27,42,4,2,66.76,133.52
45,2025-01-13,38,6,2,392.0,784.0
46,2025-02-23,30,9,4,467.99,1871.96
47,2025-03-26,42,3,2,66.76,133.52
48,2024-12-11,26,7,5,179.17,895.85
49,2025-03-03,18,1,2,256.49,512.98
50,2024-12-09,25,9,5,79.54,397.7
51,2024-12-24,17,6,3,424.42,1273.26
52,2025-03-12,22,1,2,390.92,781.84
53,2025-02-27,46,9,2,95.12,190.24
54,2025-03-29,43,10,4,370.51,1482.04
55,2024-11-24,20,1,2,122.66,245.32
56,2025-01-20,32,9,4,365.56,1462.24
57,2025-05-01,32,2,4,365.56,1462.24
58,2025-01-29,34,6,1,219.82,219.82
59,2025-01-31,47,6,1,480.93,480.93
60,2025-03-27,27,4,4,166.94,667.76
61,2025-03-03,39,7,3,201.94,605.82
62,2025-02-14,42,2,2,66.76,133.52
63,2025-05-01,26,3,3,179.17,537.51
64,2025-05-15,24,3,4,498.41,1993.64
65,2025-03-04,2,8,2,202.19,404.38
66,2025-02-21,32,2,5,365.56,1827.8
67,2024-11-29,40,4,2,245.98,491.96
68,2025-02-21,11,4,1,401.47,401.47
69,2024-11-24,10,7,5,48.13,240.65
70,2024-12-14,8,4,5,284.42,1422.1
71,2024-12-26,4,5,4,467.99,1871.96
72,2025-03-22,18,5,1,256.49,256.49
73,2025-04-05,18,9,1,256.49,256.49
74,2025-02-20,22,3,5,390.92,1954.6
75,2025-01-08,20,7,4,122.66,490.64
76,2025-04-20,39,6,4,201.94,807.76
77,2025-04-14,19,6,3,409.56,1228.68
78,2025-05-17,28,8,5,399.65,1998.25
79,2024-11-27,43,5,4,370.51,1482.04
80,2025-02-22,48,9,4,294.3,1177.2
81,2025-02-10,24,6,5,498.41,2492.05
82,2025-04-10,50,5,2,260.09,520.18
83,2025-03-29,28,3,2,399.65,799.3
84,2025-03-05,24,4,3,498.41,1495.23
85,2025-01-06,23,4,5,312.51,1562.55
86,2025-05-06,29,3,1,485.34,485.34
87,2024-12-08,16,4,3,461.98,1385.94
88,2025-02-13,13,8,4,414.16,1656.64
89,2025-03-21,6,8,3,100.06,300.18
90,2025-04-08,11,9,3,401.47,1204.41
91,2025-03-06,44,8,3,307.58,922.74
92,2025-02-21,3,3,5,258.87,1294.35
93,2025-01-25,27,7,4,166.94,667.76
94,2025-01-06,22,9,3,390.92,1172.76
95,2025-04-10,34,3,3,219.82,659.46
96,2025-04-03,28,6,4,399.65,1598.6
97,2025-01-14,34,1,4,219.82,879.28
98,2024-12-26,43,5,2,370.51,741.02
99,2025-01-16,38,5,1,392.0,392.0
100,2025-03-01,50,10,1,260.09,260.09
101,2025-04-12,2,5,4,202.19,808.76
102,2025-01-18,37,3,1,216.61,216.61
103,2025-04-09,5,4,5,402.4,2012.0
104,2024-11-29,11,9,1,401.47,401.47
105,2025-02-28,13,9,3,414.16,1242.48
106,2025-03-03,12,2,2,184.91,369.82
107,2025-02-07,20,6,3,122.66,367.98
108,2025-03-03,33,10,2,348.54,697.08
109,2025-02-11,6,1,3,100.06,300.18
110,2024-12-29,45,2,3,295.48,886.44
111,2024-11-21,40,7,1,245.98,245.98
112,2025-05-19,22,8,5,390.92,1954.6
113,2025-03-25,12,6,3,184.91,554.73
114,2025-03-25,43,10,4,370.51,1482.04
115,2025-04-11,7,2,4,326.05,1304.2
116,2025-01-12,16,7,4,461.98,1847.92
117,2025-04-25,26,5,2,179.17,358.34
118,2025-01-06,14,7,3,331.85,995.55
119,2025-05-03,2,4,4,202.19,808.76
120,2025-05-11,40,6,2,245.98,491.96
121,2025-05-02,44,6,3,307.58,922.74
122,2025-01-28,13,10,1,414.16,414.16
123,2025-05-12,2,9,3,202.19,606.57
124,2025-02-06,30,1,4,467.99,1871.96
125,2024-11-27,15,2,2,483.51,967.02
126,2025-01-14,30,3,2,467.99,935.98
127,2024-11-28,14,6,1,331.85,331.85
128,2025-02-17,19,8,4,409.56,1638.24
129,2025-04-05,8,9,2,284.42,568.84
130,2025-02-21,8,2,2,284.42,568.84
131,2024-12-31,26,10,2,179.17,358.34
132,2024-11-23,43,3,3,370.51,1111.53
133,2024-11-21,8,9,4,284.42,1137.68
134,2024-11-28,5,7,4,402.4,1609.6
135,2025-02-11,15,1,2,483.51,967.02
136,2025-04-28,21,6,5,360.67,1803.35
137,2025-04-24,10,2,2,48.13,96.26
138,2025-01-04,25,10,4,79.54,318.16
139,2024-11-22,2,5,4,202.19,808.76
140,2025-01-05,22,3,3,390.92,1172.76
141,2025-02-25,11,9,4,401.47,1605.88
142,2025-01-22,50,3,3,260.09,780.27
143,2025-03-25,11,10,2,401.47,802.94
144,2025-03-07,2,2,5,202.19,1010.95
145,2025-02-10,37,5,3,216.61,649.83
146,2025-05-20,37,9,4,216.61,866.44
147,2024-12-22,40,5,4,245.98,983.92
148,2024-12-23,20,5,2,122.66,245.32
149,2024-12-08,24,10,3,498.41,1495.23
150,2025-02-12,37,8,1,216.61,216.61
151,2025-01-11,45,5,2,295.48,590.96
152,2025-05-13,9,4,2,261.46,522.92
153,2025-02-25,3,10,5,258.87,1294.35
154,2024-12-27,50,5,5,260.09,1300.45
155,2025-04-15,48,1,4,294.3,1177.2
156,2025-03-20,29,9,3,485.34,1456.02
157,2025-01-23,33,5,1,348.54,348.54
158,2025-03-05,25,6,2,79.54,159.08
159,2025-05-09,12,6,3,184.91,554.73
160,2024-12-24,42,7,1,66.76,66.76
161,2025-04-04,31,10,2,462.0,924.0
162,2024-12-07,31,2,4,462.0,1848.0
163,2025-03-20,37,10,1,216.61,216.61
164,2025-01-16,25,3,4,79.54,318.16
165,2025-03-04,31,5,2,462.0,924.0
166,2025-04-22,41,10,5,417.76,2088.8
167,2025-02-06,4,8,4,467.99,1871.96
168,2025-02-10,32,9,2,365.56,731.12
169,2025-03-30,4,1,3,467.99,1403.97
170,2024-12-27,49,6,2,336.82,673.64
171,2025-03-27,41,6,3,417.76,1253.28
172,2024-12-28,30,8,3,467.99,1403.97
173,2024-11-30,49,3,5,336.82,1684.1
174,2025-04-04,21,7,2,360.67,721.34
175,2025-02-16,41,4,1,417.76,417.76
176,2024-12-14,11,7,3,401.47,1204.41
177,2025-03-24,44,9,1,307.58,307.58
178,2024-12-05,48,1,3,294.3,882.9
179,2024-11-21,23,9,4,312.51,1250.04
180,2025-04-21,36,6,2,331.35,662.7
181,2025-01-14,25,7,1,79.54,79.54
182,2025-03-03,30,10,4,467.99,1871.96
183,2025-03-03,39,7,2,201.94,403.88
184,2024-12-29,50,10,1,260.09,260.09
185,2024-12-17,35,5,5,379.7,1898.5
186,2024-11-20,29,1,1,485.34,485.34
187,2025-03-27,4,5,1,467.99,467.99
188,2024-12-18,15,5,1,483.51,483.51
189,2024-12-10,27,8,1,166.94,166.94
190,2025-02-22,38,8,3,392.0,1176.0
191,2025-02-17,1,7,4,275.4,1101.6
192,2025-03-03,19,7,5,409.56,2047.8
193,2025-02-05,36,8,3,331.35,994.05
194,2025-03-24,41,10,1,417.76,417.76
195,2025-01-07,8,7,3,284.42,853.26
196,2025-01-27,37,2,2,216.61,433.22
197,2025-04-13,3,2,5,258.87,1294.35
198,2025-01-24,40,6,4,245.98,983.92
199,2024-11-21,29,7,5,485.34,2426.7
200,2025-02-11,5,6,5,402.4,2012.0
201,2024-12-10,8,5,2,284.42,568.84
202,2024-12-21,8,2,3,284.42,853.26
203,2025-02-17,17,9,4,424.42,1697.68
204,2025-04-06,25,1,4,79.54,318.16
205,2024-12-25,47,5,1,480.93,480.93
206,2025-02-08,38,6,4,392.0,1568.0
207,2025-03-11,14,9,4,331.85,1327.4
208,2025-01-14,4,9,1,467.99,467.99
209,2025-01-27,27,2,4,166.94,667.76
210,2025-04-10,17,8,3,424.42,1273.26
211,2025-03-12,13,6,5,414.16,2070.8
212,2025-01-02,6,8,1,100.06,100.06
213,2025-04-02,40,4,3,245.98,737.94
214,2025-02-22,24,2,4,498.41,1993.64
215,2025-03-20,12,7,4,184.91,739.64
216,2025-03-21,3,4,1,258.87,258.87
217,2024-12-27,48,9,4,294.3,1177.2
218,2025-05-20,17,7,2,424.42,848.84
219,2025-03-01,3,8,1,258.87,258.87
220,2025-05-15,24,7,1,498.41,498.41
221,2025-02-24,5,2,4,402.4,1609.6
222,2025-04-20,39,4,1,201.94,201.94
223,2025-04-04,49,9,2,336.82,673.64
224,2024-11-21,40,3,2,245.98,491.96
225,2025-03-18,41,4,1,417.76,417.76
226,2025-04-18,6,5,2,100.06,200.12
227,2025-04-19,4,5,2,467.99,935.98
228,2025-05-13,16,3,4,461.98,1847.92
229,2024-12-20,50,6,4,260.09,1040.36
230,2024-12-24,37,7,1,216.61,216.61
231,2025-04-19,34,8,4,219.82,879.28
232,2025-02-02,25,4,5,79.54,397.7
233,2024-11-28,27,1,4,166.94,667.76
234,2025-03-01,21,7,4,360.67,1442.68
235,2024-11-19,26,8,1,179.17,179.17
236,2025-03-09,1,9,1,275.4,275.4
237,2025-03-30,27,7,3,166.94,500.82
238,2025-02-24,6,6,2,100.06,200.12
239,2025-03-25,33,9,5,348.54,1742.7
240,2025-04-08,7,8,5,326.05,1630.25
241,2025-03-18,32,9,3,365.56,1096.68
242,2024-11-29,24,2,3,498.41,1495.23
243,2024-12-04,15,2,1,483.51,483.51
244,2025-01-04,47,9,5,480.93,2404.65
245,2025-01-19,44,8,5,307.58,1537.9
246,2025-03-13,34,7,1,219.82,219.82
247,2025-02-07,6,7,2,100.06,200.12
248,2025-03-12,4,8,3,467.99,1403.97
249,2025-01-14,48,4,5,294.3,1471.5
250,2025-03-14,22,4,3,390.92,1172.76
251,2025-04-15,33,8,4,348.54,1394.16
252,2025-01-05,12,1,4,184.91,739.64
253,2024-12-30,50,2,3,260.09,780.27
254,2025-04-15,9,6,1,261.46,261.46
255,2025-03-15,34,5,4,219.82,879.28
256,2025-03-02,7,2,2,326.05,652.1
257,2025-04-21,44,9,1,307.58,307.58
258,2024-12-20,48,6,3,294.3,882.9
259,2025-02-11,6,8,4,100.06,400.24
260,2025-03-31,4,5,4,467.99,1871.96
261,2024-12-08,12,7,5,184.91,924.55
262,2025-04-02,44,2,2,307.58,615.16
263,2025-01-20,12,7,1,184.91,184.91
264,2025-04-25,14,8,4,331.85,1327.4
265,2025-01-26,17,7,3,424.42,1273.26
266,2025-05-20,34,1,1,219.82,219.82
267,2025-05-09,33,6,1,348.54,348.54
268,2025-02-24,25,6,1,79.54,79.54
269,2025-02-11,12,6,1,184.91,184.91
270,2025-01-31,32,4,2,365.56,731.12
271,2025-04-05,10,5,1,48.13,48.13
272,2025-03-17,4,5,5,467.99,2339.95
273,2025-05-18,23,1,5,312.51,1562.55
274,2024-12-07,43,9,2,370.51,741.02
275,2024-12-28,48,4,4,294.3,1177.2
276,2025-03-07,20,10,2,122.66,245.32
277,2025-04-23,40,8,1,245.98,245.98
278,2025-02-14,2,10,3,202.19,606.57
279,2025-01-22,45,6,5,295.48,1477.4
280,2025-05-13,49,10,5,336.82,1684.1
281,2025-03-20,37,1,2,216.61,433.22
282,2024-12-12,25,1,3,79.54,238.62
283,2024-12-01,10,10,3,48.13,144.39
284,2025-05-17,11,1,5,401.47,2007.35
285,2025-05-18,25,5,1,79.54,79.54
286,2025-03-08,25,8,5,79.54,397.7
287,2025-04-18,38,6,1,392.0,392.0
288,2024-12-28,6,7,5,100.06,500.3
289,2025-03-15,24,4,5,498.41,2492.05
290,2024-11-19,18,10,5,256.49,1282.45
291,2025-02-01,10,8,5,48.13,240.65
292,2025-02-05,1,2,1,275.4,275.4
293,2025-01-15,9,7,1,261.46,261.46
294,2024-11-27,4,3,3,467.99,1403.97
295,2024-11-25,27,7,1,166.94,166.94
296,2025-01-05,38,6,4,392.0,1568.0
297,2025-01-11,15,7,5,483.51,2417.55
298,2024-11-29,13,4,1,414.16,414.16
299,2025-04-17,24,5,3,498.41,1495.23
300,2025-01-06,26,8,5,179.17,895.85
301,2025-05-08,23,4,5,312.51,1562.55
302,2025-01-11,22,9,3,390.92,1172.76
303,2024-12-31,12,10,5,184.91,924.55
304,2025-04-06,41,10,2,417.76,835.52
305,2025-05-09,30,4,5,467.99,2339.95
306,2024-11-21,8,2,2,284.42,568.84
307,2024-12-13,44,8,3,307.58,922.74
308,2024-11-25,4,8,4,467.99,1871.96
309,2025-05-15,33,7,2,348.54,697.08
310,2024-12-02,1,6,2,275.4,550.8
311,2025-01-22,21,9,4,360.67,1442.68
312,2024-11-24,2,10,2,202.19,404.38
313,2025-01-22,14,4,3,331.85,995.55
314,2025-03-31,13,1,1,414.16,414.16
315,2025-03-18,42,7,4,66.76,267.04
316,2025-02-18,39,6,4,201.94,807.76
317,2024-11-24,23,8,1,312.51,312.51
318,2024-12-16,43,8,3,370.51,1111.53
319,2024-12-20,35,1,3,379.7,1139.1
320,2024-12-08,50,9,5,260.09,1300.45
321,2025-01-03,38,9,3,392.0,1176.0
322,2025-04-10,3,3,2,258.87,517.74
323,2024-12-07,23,7,3,312.51,937.53
324,2025-02-10,33,9,5,348.54,1742.7
325,2025-02-10,30,5,1,467.99,467.99
326,2025-04-27,6,4,1,100.06,100.06
327,2025-01-29,36,2,1,331.35,331.35
328,2025-02-17,38,3,5,392.0,1960.0
329,2025-03-02,47,4,3,480.93,1442.79
330,2024-12-15,28,7,5,399.65,1998.25
331,2025-05-15,1,10,1,275.4,275.4
332,2025-05-07,44,2,4,307.58,1230.32
333,2025-01-10,47,5,2,480.93,961.86
334,2025-03-02,29,7,2,485.34,970.68
335,2025-01-17,45,10,1,295.48,295.48
336,2025-01-09,37,3,2,216.61,433.22
337,2025-01-08,34,6,1,219.82,219.82
338,2025-02-14,50,10,3,260.09,780.27
339,2024-12-16,31,2,2,462.0,924.0
340,2025-02-22,5,3,5,402.4,2012.0
341,2025-03-25,48,6,1,294.3,294.3
342,2025-01-03,10,8,1,48.13,48.13
343,2025-04-30,7,10,5,326.05,1630.25
344,2025-04-18,46,8,2,95.12,190.24
345,2024-12-16,40,5,1,245.98,245.98
346,2024-11-20,50,8,1,260.09,260.09
347,2025-01-11,24,10,4,498.41,1993.64
348,2025-05-05,15,4,1,483.51,483.51
349,2025-03-23,32,1,3,365.56,1096.68
350,2025-04-08,19,3,3,409.56,1228.68
351,2025-05-06,13,9,3,414.16,1242.48
352,2024-12-31,22,5,3,390.92,1172.76
353,2024-12-17,43,10,4,370.51,1482.04
354,2025-01-20,35,6,1,379.7,379.7
355,2025-05-13,3,8,4,258.87,1035.48
356,2025-03-16,31,4,3,462.0,1386.0
357,2025-03-17,39,8,3,201.94,605.82
358,2025-05-03,17,5,3,424.42,1273.26
359,2024-12-11,6,3,4,100.06,400.24
360,2025-05-03,15,7,5,483.51,2417.55
361,2025-02-17,6,5,3,100.06,300.18
362,2025-02-24,37,7,2,216.61,433.22
363,2025-05-01,41,3,3,417.76,1253.28
364,2025-02-23,6,7,2,100.06,200.12
365,2025-05-05,45,10,5,295.48,1477.4
366,2025-03-05,50,3,1,260.09,260.09
367,2025-01-31,10,1,4,48.13,192.52
368,2025-03-13,12,6,3,184.91,554.73
369,2025-05-12,45,7,1,295.48,295.48
370,2025-01-24,8,10,5,284.42,1422.1
371,2025-02-12,41,10,2,417.76,835.52
372,2025-03-21,37,7,5,216.61,1083.05
373,2025-01-06,19,3,4,409.56,1638.24
374,2025-03-18,28,2,3,399.65,1198.95
375,2025-03-10,15,1,4,483.51,1934.04
376,2024-11-26,6,4,2,100.06,200.12
377,2024-12-15,47,2,4,480.93,1923.72
378,2024-11-29,14,9,5,331.85,1659.25
379,2025-01-05,23,3,4,312.51,1250.04
380,2025-01-12,5,1,5,402.4,2012.0
381,2025-03-05,46,4,4,95.12,380.48
382,2025-03-06,29,9,4,485.34,1941.36
383,2025-04-18,1,8,4,275.4,1101.6
384,2025-02-21,2,7,5,202.19,1010.95
385,2025-05-17,6,2,2,100.06,200.12
386,2025-05-19,24,4,1,498.41,498.41
387,2025-02-01,5,6,4,402.4,1609.6
388,2025-03-14,44,10,2,307.58,615.16
389,2024-12-08,36,10,4,331.35,1325.4
390,2025-02-18,14,4,2,331.85,663.7
391,2025-01-14,36,6,4,331.35,1325.4
392,2025-02-12,42,4,5,66.76,333.8
393,2025-01-21,49,3,2,336.82,673.64
394,2025-04-11,42,5,4,66.76,267.04
395,2025-04-04,31,10,1,462.0,462.0
396,2025-05-04,8,6,1,284.42,284.42
397,2025-02-02,47,4,5,480.93,2404.65
398,2025-02-24,3,9,3,258.87,776.61
399,2024-11-23,46,1,4,95.12,380.48
400,2024-12-19,50,9,3,260.09,780.27
401,2024-11-22,31,9,5,462.0,2310.0
402,2025-05-06,8,1,2,284.42,568.84
403,2025-05-20,12,2,4,184.91,739.64
404,2025-04-20,25,9,3,79.54,238.62
405,2024-12-31,17,9,4,424.42,1697.68
406,2025-01-16,7,3,3,326.05,978.15
407,2025-05-08,6,3,5,100.06,500.3
408,2025-05-16,43,7,1,370.51,370.51
409,2024-12-28,6,2,1,100.06,100.06
410,2025-01-20,43,4,3,370.51,1111.53
411,2025-01-10,22,3,1,390.92,390.92
412,2024-12-15,5,1,5,402.4,2012.0
413,2024-11-24,48,6,4,294.3,1177.2
414,2025-04-17,9,9,2,261.46,522.92
415,2024-12-13,11,4,2,401.47,802.94
416,2025-05-15,22,3,2,390.92,781.84
417,2025-04-01,25,1,2,79.54,159.08
418,2024-12-29,8,1,5,284.42,1422.1
419,2024-12-27,23,4,2,312.51,625.02
420,2025-05-17,34,6,3,219.82,659.46
421,2025-02-25,9,1,5,261.46,1307.3
422,2024-11-27,7,7,5,326.05,1630.25
423,2025-03-22,20,1,4,122.66,490.64
424,2025-05-09,26,3,4,179.17,716.68
425,2025-01-30,19,9,1,409.56,409.56
426,2024-12-01,43,6,4,370.51,1482.04
427,2025-03-18,42,9,1,66.76,66.76
428,2025-04-03,45,4,5,295.48,1477.4
429,2025-03-07,47,8,3,480.93,1442.79
430,2024-12-14,41,9,4,417.76,1671.04
431,2025-01-09,10,9,4,48.13,192.52
432,2025-01-13,23,2,3,312.51,937.53
433,2025-02-15,18,2,2,256.49,512.98
434,2024-12-22,16,9,4,461.98,1847.92
435,2025-01-14,31,4,1,462.0,462.0
436,2025-05-02,49,4,4,336.82,1347.28
437,2025-02-24,27,4,1,166.94,166.94
438,2025-04-20,39,8,2,201.94,403.88
439,2025-01-27,40,4,4,245.98,983.92
440,2024-12-31,26,1,2,179.17,358.34
441,2025-01-11,8,2,4,284.42,1137.68
442,2025-01-12,11,1,3,401.47,1204.41
443,2025-04-10,31,1,5,462.0,2310.0
444,2025-03-10,15,4,3,483.51,1450.53
445,2024-12-02,20,10,2,122.66,245.32
446,2025-01-01,46,2,2,95.12,190.24
447,2025-01-26,43,7,2,370.51,741.02
448,2024-11-22,25,8,2,79.54,159.08
449,2025-03-06,22,7,3,390.92,1172.76
450,2025-03-08,43,3,4,370.51,1482.04
451,2025-04-26,10,3,5,48.13,240.65
452,2024-12-17,10,9,5,48.13,240.65
453,2025-05-13,24,10,1,498.41,498.41
454,2025-05-07,24,5,2,498.41,996.82
455,2025-05-10,2,1,1,202.19,202.19
456,2025-02-26,5,5,4,402.4,1609.6
457,2025-03-08,11,5,1,401.47,401.47
458,2025-02-28,3,2,4,258.87,1035.48
459,2025-02-14,35,2,5,379.7,1898.5
460,2025-03-19,15,6,4,483.51,1934.04
461,2025-01-29,33,2,1,348.54,348.54
462,2025-04-20,2,6,4,202.19,808.76
463,2025-03-16,40,5,3,245.98,737.94
464,2025-03-01,26,10,1,179.17,179.17
465,2025-03-16,26,4,5,179.17,895.85
466,2025-02-12,46,1,2,95.12,190.24
467,2025-02-27,17,4,4,424.42,1697.68
468,2025-03-07,33,1,2,348.54,697.08
469,2025-04-21,32,9,4,365.56,1462.24
470,2025-01-09,46,8,2,95.12,190.24
471,2025-02-13,45,5,5,295.48,1477.4
472,2025-02-10,35,3,5,379.7,1898.5
473,2025-05-12,39,8,4,201.94,807.76
474,2025-01-25,39,8,3,201.94,605.82
475,2024-11-19,15,4,1,483.51,483.51
476,2024-11-30,16,8,4,461.98,1847.92
477,2024-11-22,40,1,2,245.98,491.96
478,2025-02-18,7,5,1,326.05,326.05
479,2025-04-30,8,5,4,284.42,1137.68
480,2024-12-28,24,8,3,498.41,1495.23
481,2025-03-25,50,4,5,260.09,1300.45
482,2025-03-23,38,10,2,392.0,784.0
483,2024-12-16,30,5,1,467.99,467.99
484,2025-02-17,7,5,4,326.05,1304.2
485,2025-01-28,27,1,3,166.94,500.82
486,2024-12-24,26,1,1,179.17,179.17
487,2025-01-29,14,3,5,331.85,1659.25
488,2025-04-21,3,4,5,258.87,1294.35
489,2025-03-22,21,4,3,360.67,1082.01
490,2025-03-01,41,4,4,417.76,1671.04
491,2025-04-21,40,6,5,245.98,1229.9
492,2025-02-17,38,9,1,392.0,392.0
493,2024-12-20,4,3,3,467.99,1403.97
494,2025-02-03,17,5,5,424.42,2122.1
495,2024-12-26,2,8,4,202.19,808.76
496,2025-02-06,49,1,3,336.82,1010.46
497,2025-04-18,44,5,4,307.58,1230.32
498,2024-11-20,16,10,1,461.98,461.98
499,2025-01-20,49,9,1,336.82,336.82
500,2025-04-02,15,1,4,483.51,1934.04
501,2024-12-28,31,4,4,462.0,1848.0
502,2025-03-20,22,2,4,390.92,1563.68
503,2025-04-18,39,4,5,201.94,1009.7
504,2025-02-21,3,3,4,258.87,1035.48
505,2025-02-16,2,4,1,202.19,202.19
506,2025-02-27,28,5,3,399.65,1198.95
507,2025-02-25,39,1,5,201.94,1009.7
508,2024-12-24,30,3,4,467.99,1871.96
509,2025-04-26,18,10,2,256.49,512.98
510,2025-04-21,9,3,1,261.46,261.46
511,2024-12-30,5,3,1,402.4,402.4
512,2025-02-08,50,10,1,260.09,260.09
513,2024-12-09,22,1,2,390.92,781.84
514,2025-05-15,21,5,1,360.67,360.67
515,2024-12-10,40,8,3,245.98,737.94
516,2025-03-09,3,8,2,258.87,517.74
517,2025-04-25,19,3,2,409.56,819.12
518,2025-03-26,49,4,2,336.82,673.64
519,2025-04-10,36,1,5,331.35,1656.75
520,2024-12-04,1,9,4,275.4,1101.6
521,2024-12-17,32,10,2,365.56,731.12
522,2025-05-11,20,3,3,122.66,367.98
523,2025-04-13,4,9,1,467.99,467.99
524,2025-01-31,23,7,1,312.51,312.51
525,2025-02-16,50,8,1,260.09,260.09
526,2025-04-26,47,2,3,480.93,1442.79
527,2024-12-15,12,9,2,184.91,369.82
528,2024-12-22,9,4,3,261.46,784.38
529,2025-03-14,28,1,4,399.65,1598.6
530,2025-01-09,31,3,2,462.0,924.0
531,2024-12-24,38,1,4,392.0,1568.0
532,2025-04-23,1,8,4,275.4,1101.6
533,2025-03-07,21,6,3,360.67,1082.01
534,2025-01-10,8,6,5,284.42,1422.1
535,2025-01-31,31,10,3,462.0,1386.0
536,2025-04-07,20,2,1,122.66,122.66
537,2025-03-08,29,9,3,485.34,1456.02
538,2025-03-21,11,3,1,401.47,401.47
539,2025-03-09,23,9,5,312.51,1562.55
540,2025-04-23,17,4,5,424.42,2122.1
541,2025-02-13,41,6,1,417.76,417.76
542,2025-03-09,21,1,5,360.67,1803.35
543,2025-01-26,10,8,2,48.13,96.26
544,2024-12-22,22,9,2,390.92,781.84
545,2024-12-24,2,3,3,202.19,606.57
546,2025-02-26,42,3,3,66.76,200.28
547,2025-01-23,7,2,2,326.05,652.1
548,2025-02-16,31,6,5,462.0,2310.0
549,2025-03-26,19,2,4,409.56,1638.24
550,2025-01-19,24,6,4,498.41,1993.64
551,2025-04-28,22,1,5,390.92,1954.6
552,2025-04-21,15,3,2,483.51,967.02
553,2024-11-29,2,7,3,202.19,606.57
554,2025-02-24,45,10,3,295.48,886.44
555,2025-04-17,45,6,4,295.48,1181.92
556,2025-05-19,25,6,4,79.54,318.16
557,2025-04-04,47,2,4,480.93,1923.72
558,2025-04-20,13,10,4,414.16,1656.64
559,2024-12-24,5,5,1,402.4,402.4
560,2025-01-27,43,10,5,370.51,1852.55
561,2025-02-15,11,8,1,401.47,401.47
562,2025-03-11,3,6,5,258.87,1294.35
563,2025-02-28,49,9,2,336.82,673.64
564,2025-04-17,23,1,3,312.51,937.53
565,2025-02-26,24,8,1,498.41,498.41
566,2025-02-19,32,1,5,365.56,1827.8
567,2024-12-16,50,3,4,260.09,1040.36
568,2025-04-24,49,6,4,336.82,1347.28
569,2025-03-07,4,5,4,467.99,1871.96
570,2025-05-18,7,7,4,326.05,1304.2
571,2025-02-01,17,4,4,424.42,1697.68
572,2024-12-31,28,5,4,399.65,1598.6
573,2024-11-25,3,9,2,258.87,517.74
574,2025-02-02,24,3,3,498.41,1495.23
575,2024-12-16,14,10,4,331.85,1327.4
576,2025-02-09,10,6,1,48.13,48.13
577,2024-11-20,33,7,5,348.54,1742.7
578,2025-04-20,1,5,5,275.4,1377.0
579,2025-05-02,11,9,4,401.47,1605.88
580,2025-05-08,10,4,4,48.13,192.52
581,2025-05-05,49,7,5,336.82,1684.1
582,2025-02-23,11,1,4,401.47,1605.88
583,2025-04-14,31,3,4,462.0,1848.0
584,2025-04-29,27,10,5,166.94,834.7
585,2024-12-16,33,1,5,348.54,1742.7
586,2025-04-16,11,1,5,401.47,2007.35
587,2025-05-19,16,7,3,461.98,1385.94
588,2025-01-31,24,7,2,498.41,996.82
589,2024-12-08,37,9,5,216.61,1083.05
590,2025-05-14,44,1,3,307.58,922.74
591,2025-01-22,12,3,5,184.91,924.55
592,2025-04-05,45,6,5,295.48,1477.4
593,2025-05-03,12,1,1,184.91,184.91
594,2025-02-06,43,7,5,370.51,1852.55
595,2024-12-24,29,7,4,485.34,1941.36
596,2025-04-15,12,8,3,184.91,554.73
597,2025-02-03,38,9,5,392.0,1960.0
598,2025-01-18,4,3,4,467.99,1871.96
599,2024-12-04,50,5,3,260.09,780.27
600,2025-01-06,7,9,5,326.05,1630.25
601,2024-12-17,38,2,3,392.0,1176.0
602,2025-03-04,47,6,3,480.93,1442.79
603,2025-04-19,6,6,5,100.06,500.3
604,2025-04-28,20,3,4,122.66,490.64
605,2025-01-25,40,10,3,245.98,737.94
606,2025-03-22,35,2,2,379.7,759.4
607,2025-05-01,1,1,4,275.4,1101.6
608,2025-05-19,19,5,2,409.56,819.12
609,2024-12-17,33,10,5,348.54,1742.7
610,2025-01-18,14,2,4,331.85,1327.4
611,2024-12-21,2,9,2,202.19,404.38
612,2024-12-15,27,2,2,166.94,333.88
613,2024-12-23,22,7,5,390.92,1954.6
614,2024-11-25,41,3,1,417.76,417.76
615,2025-04-09,11,1,3,401.47,1204.41
616,2025-03-18,24,6,4,498.41,1993.64
617,2025-02-16,14,1,2,331.85,663.7
618,2025-01-27,8,1,2,284.42,568.84
619,2024-11-19,44,1,4,307.58,1230.32
620,2024-11-27,45,7,1,295.48,295.48
621,2025-04-30,13,4,2,414.16,828.32
622,2024-12-18,24,6,4,498.41,1993.64
623,2025-02-06,7,2,3,326.05,978.15
624,2025-03-25,30,7,4,467.99,1871.96
625,2024-12-10,24,3,1,498.41,498.41
626,2025-02-04,21,9,1,360.67,360.67
627,2025-05-05,3,1,5,258.87,1294.35
628,2025-03-25,2,1,1,202.19,202.19
629,2024-12-08,4,3,2,467.99,935.98
630,2025-01-30,40,10,2,245.98,491.96
631,2025-03-27,42,9,2,66.76,133.52
632,2025-04-02,29,6,1,485.34,485.34
633,2024-12-08,45,8,3,295.48,886.44
634,2025-04-19,6,10,3,100.06,300.18
635,2025-03-02,1,9,5,275.4,1377.0
636,2025-03-30,7,6,3,326.05,978.15
637,2025-05-13,22,6,2,390.92,781.84
638,2024-11-23,31,8,3,462.0,1386.0
639,2025-04-01,22,10,4,390.92,1563.68
640,2025-04-02,35,4,3,379.7,1139.1
641,2025-02-14,29,5,4,485.34,1941.36
642,2025-05-05,15,7,4,483.51,1934.04
643,2025-05-14,7,2,3,326.05,978.15
644,2024-12-29,47,4,3,480.93,1442.79
645,2025-01-29,7,4,3,326.05,978.15
646,2025-01-08,41,3,5,417.76,2088.8
647,2024-12-07,17,10,5,424.42,2122.1
648,2025-02-15,48,3,3,294.3,882.9
649,2025-01-23,5,10,5,402.4,2012.0
650,2025-05-13,11,2,3,401.47,1204.41
651,2025-01-23,39,8,1,201.94,201.94
652,2025-05-08,1,8,1,275.4,275.4
653,2024-11-19,38,3,4,392.0,1568.0
654,2025-02-13,28,7,1,399.65,399.65
655,2025-04-10,12,3,3,184.91,554.73
656,2025-02-10,21,4,3,360.67,1082.01
657,2025-01-14,40,7,3,245.98,737.94
658,2025-05-08,9,4,4,261.46,1045.84
659,2025-02-19,22,3,5,390.92,1954.6
660,2025-03-27,7,10,3,326.05,978.15
661,2025-01-19,20,10,1,122.66,122.66
662,2025-03-30,39,1,1,201.94,201.94
663,2025-01-31,42,10,2,66.76,133.52
664,2025-03-31,9,6,4,261.46,1045.84
665,2024-12-19,9,8,3,261.46,784.38
666,2025-03-16,20,9,2,122.66,245.32
667,2025-05-12,4,9,4,467.99,1871.96
668,2025-02-18,33,3,2,348.54,697.08
669,2025-02-28,4,3,5,467.99,2339.95
670,2025-03-08,27,3,2,166.94,333.88
671,2025-05-04,17,1,4,424.42,1697.68
672,2025-01-02,42,7,2,66.76,133.52
673,2025-01-21,20,5,4,122.66,490.64
674,2024-11-29,33,8,4,348.54,1394.16
675,2025-02-20,36,2,2,331.35,662.7
676,2024-11-28,39,9,3,201.94,605.82
677,2025-03-30,35,9,5,379.7,1898.5
678,2025-02-18,14,7,4,331.85,1327.4
679,2025-04-26,28,3,5,399.65,1998.25
680,2025-01-17,34,5,4,219.82,879.28
681,2025-03-05,11,1,5,401.47,2007.35
682,2024-11-20,49,1,3,336.82,1010.46
683,2025-05-03,24,9,1,498.41,498.41
684,2025-01-30,49,6,3,336.82,1010.46
685,2024-12-29,28,7,2,399.65,799.3
686,2025-02-05,6,1,2,100.06,200.12
687,2025-02-20,1,5,1,275.4,275.4
688,2025-04-15,39,9,3,201.94,605.82
689,2025-04-19,17,2,2,424.42,848.84
690,2024-12-21,29,9,4,485.34,1941.36
691,2025-02-10,43,2,2,370.51,741.02
692,2025-03-05,25,3,5,79.54,397.7
693,2025-01-26,5,7,5,402.4,2012.0
694,2025-04-15,9,1,1,261.46,261.46
695,2025-04-06,37,5,4,216.61,866.44
696,2025-04-30,9,4,1,261.46,261.46
697,2024-12-20,1,4,5,275.4,1377.0
698,2025-04-03,20,6,1,122.66,122.66
699,2025-01-17,16,10,2,461.98,923.96
700,2025-01-03,26,7,3,179.17,537.51
701,2025-02-03,39,5,4,201.94,807.76
702,2025-02-09,31,4,3,462.0,1386.0
703,2024-12-05,36,10,5,331.35,1656.75
704,2024-12-20,40,4,3,245.98,737.94
705,2025-05-01,45,8,1,295.48,295.48
706,2025-02-12,48,10,4,294.3,1177.2
707,2025-05-16,34,9,3,219.82,659.46
708,2024-12-06,47,7,3,480.93,1442.79
709,2025-02-19,29,5,5,485.34,2426.7
710,2025-02-17,37,7,5,216.61,1083.05
711,2025-03-01,33,5,3,348.54,1045.62
712,2025-01-05,45,3,1,295.48,295.48
713,2025-02-24,50,4,2,260.09,520.18
714,2025-01-22,14,10,5,331.85,1659.25
715,2025-03-30,1,10,1,275.4,275.4
716,2025-01-05,31,2,5,462.0,2310.0
717,2025-03-03,33,9,3,348.54,1045.62
718,2025-04-14,18,1,3,256.49,769.47
719,2025-01-12,6,2,1,100.06,100.06
720,2025-03-19,34,6,5,219.82,1099.1
721,2025-02-28,48,10,4,294.3,1177.2
722,2025-04-22,20,9,3,122.66,367.98
723,2024-12-26,9,8,1,261.46,261.46
724,2025-03-29,17,8,4,424.42,1697.68
725,2024-12-14,31,2,3,462.0,1386.0
726,2025-02-07,2,10,3,202.19,606.57
727,2025-01-02,45,8,1,295.48,295.48
728,2025-04-29,6,7,4,100.06,400.24
729,2025-02-20,43,2,5,370.51,1852.55
730,2025-03-06,47,4,4,480.93,1923.72
731,2025-04-01,31,3,2,462.0,924.0
732,2025-04-13,8,7,3,284.42,853.26
733,2025-02-21,1,3,2,275.4,550.8
734,2025-03-07,17,5,5,424.42,2122.1
735,2025-01-17,3,10,2,258.87,517.74
736,2025-01-10,48,3,5,294.3,1471.5
737,2025-01-31,48,4,5,294.3,1471.5
738,2024-12-28,9,2,4,261.46,1045.84
739,2024-12-07,7,7,2,326.05,652.1
740,2024-12-07,35,7,1,379.7,379.7
741,2025-01-29,33,9,5,348.54,1742.7
742,2025-02-01,10,8,4,48.13,192.52
743,2025-02-06,49,3,1,336.82,336.82
744,2025-01-21,49,10,2,336.82,673.64
745,2025-01-06,48,5,1,294.3,294.3
746,2025-02-23,9,5,1,261.46,261.46
747,2024-11-24,23,5,5,312.51,1562.55
748,2024-12-27,7,7,3,326.05,978.15
749,2025-05-02,39,3,1,201.94,201.94
750,2025-03-19,12,3,5,184.91,924.55
751,2024-12-08,22,7,2,390.92,781.84
752,2025-03-16,21,7,3,360.67,1082.01
753,2025-01-19,24,8,4,498.41,1993.64
754,2025-03-12,4,9,3,467.99,1403.97
755,2024-12-13,2,3,4,202.19,808.76
756,2025-04-09,33,1,2,348.54,697.08
757,2025-03-03,16,4,1,461.98,461.98
758,2025-04-02,14,1,4,331.85,1327.4
759,2025-05-10,14,7,4,331.85,1327.4
760,2025-03-26,10,8,5,48.13,240.65
761,2025-03-02,20,1,3,122.66,367.98
762,2025-03-04,27,9,1,166.94,166.94
763,2025-02-28,34,4,4,219.82,879.28
764,2025-03-08,23,1,3,312.51,937.53
765,2025-03-15,15,1,5,483.51,2417.55
766,2025-01-28,45,7,5,295.48,1477.4
767,2025-05-05,23,6,1,312.51,312.51
768,2025-03-17,23,4,1,312.51,312.51
769,2025-01-06,7,5,4,326.05,1304.2
770,2025-01-08,46,7,5,95.12,475.6
771,2025-02-26,28,6,2,399.65,799.3
772,2025-01-06,35,9,3,379.7,1139.1
773,2025-02-02,5,6,4,402.4,1609.6
774,2025-03-09,41,7,3,417.76,1253.28
775,2025-04-27,9,2,3,261.46,784.38
776,2024-12-07,27,9,3,166.94,500.82
777,2024-12-14,13,5,4,414.16,1656.64
778,2025-03-26,50,8,4,260.09,1040.36
779,2025-01-17,25,1,4,79.54,318.16
780,2025-01-06,14,10,5,331.85,1659.25
781,2024-12-21,26,2,2,179.17,358.34
782,2025-05-03,26,5,2,179.17,358.34
783,2025-04-30,37,5,5,216.61,1083.05
784,2024-12-05,49,5,3,336.82,1010.46
785,2025-04-24,22,5,4,390.92,1563.68
786,2024-11-23,12,7,1,184.91,184.91
787,2025-03-24,37,8,3,216.61,649.83
788,2024-12-31,30,7,4,467.99,1871.96
789,2025-03-12,14,4,5,331.85,1659.25
790,2024-12-28,8,5,5,284.42,1422.1
791,2024-12-01,35,8,3,379.7,1139.1
792,2025-01-03,21,10,3,360.67,1082.01
793,2025-05-08,24,10,4,498.41,1993.64
794,2025-05-20,1,3,4,275.4,1101.6
795,2025-02-12,1,5,3,275.4,826.2
796,2025-03-30,28,1,4,399.65,1598.6
797,2025-05-03,36,7,2,331.35,662.7
798,2024-12-31,11,5,2,401.47,802.94
799,2024-12-20,11,7,3,401.47,1204.41
800,2024-12-20,14,6,4,331.85,1327.4
801,2025-01-20,49,3,1,336.82,336.82
802,2025-04-23,49,7,2,336.82,673.64
803,2025-01-15,46,2,2,95.12,190.24
804,2025-02-22,27,9,1,166.94,166.94
805,2025-03-13,46,7,4,95.12,380.48
806,2025-05-20,22,4,1,390.92,390.92
807,2025-04-10,32,6,1,365.56,365.56
808,2024-11-29,27,3,1,166.94,166.94
809,2025-03-09,30,4,5,467.99,2339.95
810,2025-01-12,50,9,4,260.09,1040.36
811,2025-03-06,27,7,3,166.94,500.82
812,2024-12-29,26,7,4,179.17,716.68
813,2025-02-20,16,3,4,461.98,1847.92
814,2025-01-01,47,8,4,480.93,1923.72
815,2025-04-25,41,5,5,417.76,2088.8
816,2025-05-04,25,4,1,79.54,79.54
817,2025-04-19,41,7,4,417.76,1671.04
818,2025-01-17,14,7,1,331.85,331.85
819,2025-03-31,16,2,5,461.98,2309.9
820,2025-05-06,3,10,5,258.87,1294.35
821,2025-03-17,4,10,4,467.99,1871.96
822,2025-02-25,42,10,3,66.76,200.28
823,2025-02-19,35,3,5,379.7,1898.5
824,2025-03-31,7,1,2,326.05,652.1
825,2025-03-22,13,7,4,414.16,1656.64
826,2025-01-05,7,7,4,326.05,1304.2
827,2024-12-03,32,4,4,365.56,1462.24
828,2024-12-27,42,2,5,66.76,333.8
829,2025-03-01,13,7,3,414.16,1242.48
830,2025-05-16,21,4,4,360.67,1442.68
831,2025-04-16,48,1,5,294.3,1471.5
832,2025-01-07,5,8,2,402.4,804.8
833,2025-01-09,32,7,4,365.56,1462.24
834,2024-12-29,9,1,5,261.46,1307.3
835,2025-05-01,37,1,1,216.61,216.61
836,2025-01-07,35,7,2,379.7,759.4
837,2025-01-08,47,10,5,480.93,2404.65
838,2025-01-17,17,8,2,424.42,848.84
839,2024-11-29,46,4,4,95.12,380.48
840,2024-12-24,11,9,2,401.47,802.94
841,2025-03-09,11,2,5,401.47,2007.35
842,2025-01-03,42,1,3,66.76,200.28
843,2025-02-26,44,8,3,307.58,922.74
844,2025-01-12,15,9,1,483.51,483.51
845,2025-03-25,43,8,4,370.51,1482.04
846,2025-02-14,30,9,4,467.99,1871.96
847,2025-02-25,25,7,2,79.54,159.08
848,2024-12-11,22,3,3,390.92,1172.76
849,2024-11-24,3,10,2,258.87,517.74
850,2025-02-14,22,5,4,390.92,1563.68
851,2025-03-17,18,8,2,256.49,512.98
852,2024-12-06,44,3,2,307.58,615.16
853,2024-12-21,30,9,1,467.99,467.99
854,2025-04-25,28,6,2,399.65,799.3
855,2024-11-28,42,8,3,66.76,200.28
856,2025-01-22,11,8,4,401.47,1605.88
857,2025-02-24,12,9,2,184.91,369.82
858,2024-11-27,50,9,1,260.09,260.09
859,2025-02-08,21,3,3,360.67,1082.01
860,2025-02-09,49,7,4,336.82,1347.28
861,2025-03-15,37,1,2,216.61,433.22
862,2025-05-01,17,7,2,424.42,848.84
863,2025-03-25,34,9,2,219.82,439.64
864,2025-04-14,32,9,5,365.56,1827.8
865,2025-03-27,41,4,2,417.76,835.52
866,2025-04-14,32,2,2,365.56,731.12
867,2025-03-01,1,1,3,275.4,826.2
868,2024-12-07,4,7,1,467.99,467.99
869,2025-04-20,15,10,2,483.51,967.02
870,2024-12-03,12,6,1,184.91,184.91
871,2024-12-05,7,2,1,326.05,326.05
872,2025-01-12,13,7,3,414.16,1242.48
873,2025-01-02,11,1,4,401.47,1605.88
874,2024-12-02,45,9,3,295.48,886.44
875,2024-12-12,43,4,3,370.51,1111.53
876,2025-01-09,50,6,4,260.09,1040.36
877,2025-05-06,37,10,2,216.61,433.22
878,2025-02-27,37,9,1,216.61,216.61
879,2025-03-31,26,8,5,179.17,895.85
880,2025-05-20,3,10,4,258.87,1035.48
881,2025-01-19,28,8,2,399.65,799.3
882,2025-03-09,28,9,1,399.65,399.65
883,2025-01-14,6,7,4,100.06,400.24
884,2025-04-08,24,8,2,498.41,996.82
885,2024-12-08,22,1,1,390.92,390.92
886,2025-02-12,21,8,3,360.67,1082.01
887,2025-02-23,31,4,1,462.0,462.0
888,2025-05-16,49,1,4,336.82,1347.28
889,2025-02-06,42,4,4,66.76,267.04
890,2025-01-17,46,6,2,95.12,190.24
891,2024-11-29,27,3,2,166.94,333.88
892,2025-04-13,50,10,2,260.09,520.18
893,2025-01-17,39,1,4,201.94,807.76
894,2025-04-26,22,9,2,390.92,781.84
895,2025-01-31,2,1,2,202.19,404.38
896,2024-11-24,8,6,1,284.42,284.42
897,2025-01-28,20,4,1,122.66,122.66
898,2024-11-24,31,10,4,462.0,1848.0
899,2025-05-10,37,1,2,216.61,433.22
900,2024-12-22,43,7,5,370.51,1852.55
901,2025-02-17,46,9,5,95.12,475.6
902,2025-03-10,32,3,2,365.56,731.12
903,2025-04-11,15,5,5,483.51,2417.55
904,2025-02-10,21,4,3,360.67,1082.01
905,2025-04-23,38,4,2,392.0,784.0
906,2024-12-14,41,2,1,417.76,417.76
907,2024-12-15,4,2,1,467.99,467.99
908,2025-03-22,9,10,5,261.46,1307.3
909,2024-12-03,44,3,1,307.58,307.58
910,2025-04-19,15,10,1,483.51,483.51
911,2024-11-21,28,1,5,399.65,1998.25
912,2025-01-23,37,4,2,216.61,433.22
913,2025-02-20,16,7,5,461.98,2309.9
914,2025-05-09,44,1,1,307.58,307.58
915,2025-03-18,37,1,1,216.61,216.61
916,2025-04-21,34,1,1,219.82,219.82
917,2025-02-14,45,5,5,295.48,1477.4
918,2025-01-10,50,4,3,260.09,780.27
919,2025-01-25,33,8,2,348.54,697.08
920,2024-12-25,38,10,5,392.0,1960.0
921,2025-01-05,39,4,4,201.94,807.76
922,2025-04-27,18,8,4,256.49,1025.96
923,2025-04-25,13,2,2,414.16,828.32
924,2025-04-29,4,10,4,467.99,1871.96
925,2025-04-23,47,5,3,480.93,1442.79
926,2025-04-05,3,10,1,258.87,258.87
927,2024-11-30,5,5,5,402.4,2012.0
928,2025-02-16,17,8,5,424.42,2122.1
929,2025-02-09,21,7,5,360.67,1803.35
930,2024-12-09,31,5,3,462.0,1386.0
931,2025-02-24,33,5,4,348.54,1394.16
932,2025-02-16,23,4,3,312.51,937.53
933,2025-03-10,41,5,4,417.76,1671.04
934,2025-02-06,36,5,4,331.35,1325.4
935,2024-12-13,33,7,5,348.54,1742.7
936,2025-03-14,41,1,3,417.76,1253.28
937,2024-12-31,50,3,5,260.09,1300.45
938,2025-04-29,27,5,5,166.94,834.7
939,2025-03-31,24,7,3,498.41,1495.23
940,2025-03-28,6,5,1,100.06,100.06
941,2025-03-13,25,9,3,79.54,238.62
942,2025-01-08,49,7,1,336.82,336.82
943,2025-01-03,16,1,4,461.98,1847.92
944,2025-01-01,23,6,2,312.51,625.02
945,2025-03-23,12,4,5,184.91,924.55
946,2025-01-30,9,7,5,261.46,1307.3
947,2024-12-20,7,6,4,326.05,1304.2
948,2024-12-01,29,5,5,485.34,2426.7
949,2024-11-27,3,5,3,258.87,776.61
950,2025-02-26,4,9,3,467.99,1403.97
951,2025-01-27,41,1,2,417.76,835.52
952,2025-01-23,45,4,5,295.48,1477.4
953,2025-02-06,44,3,4,307.58,1230.32
954,2025-03-23,40,5,5,245.98,1229.9
955,2025-02-20,43,6,4,370.51,1482.04
956,2024-12-17,14,6,4,331.85,1327.4
957,2025-01-08,17,4,2,424.42,848.84
958,2025-02-04,35,6,4,379.7,1518.8
959,2024-12-06,31,6,5,462.0,2310.0
960,2025-02-11,24,3,3,498.41,1495.23
961,2025-01-04,31,2,2,462.0,924.0
962,2025-01-25,28,9,1,399.65,399.65
963,2025-01-01,14,10,5,331.85,1659.25
964,2025-04-13,2,1,4,202.19,808.76
965,2024-12-06,24,3,2,498.41,996.82
966,2025-01-06,43,2,2,370.51,741.02
967,2025-02-07,19,6,1,409.56,409.56
968,2024-12-15,43,1,1,370.51,370.51
969,2025-01-18,7,9,3,326.05,978.15
970,2024-12-23,4,8,3,467.99,1403.97
971,2024-12-11,16,4,2,461.98,923.96
972,2025-02-16,17,6,2,424.42,848.84
973,2025-02-17,24,2,1,498.41,498.41
974,2024-11-21,50,6,4,260.09,1040.36
975,2024-12-28,25,5,2,79.54,159.08
976,2025-05-11,40,2,4,245.98,983.92
977,2025-01-14,27,7,4,166.94,667.76
978,2025-02-22,34,1,4,219.82,879.28
979,2024-11-19,15,9,5,483.51,2417.55
980,2025-01-30,8,4,2,284.42,568.84
981,2024-12-26,4,6,2,467.99,935.98
982,2025-05-20,34,4,4,219.82,879.28
983,2025-03-06,33,4,5,348.54,1742.7
984,2024-12-22,41,5,2,417.76,835.52
985,2025-03-16,30,7,4,467.99,1871.96
986,2025-04-06,25,5,1,79.54,79.54
987,2025-02-15,31,5,2,462.0,924.0
988,2025-02-15,30,8,1,467.99,467.99
989,2025-02-09,15,2,3,483.51,1450.53
990,2025-01-22,30,5,5,467.99,2339.95
991,2025-02-01,3,4,4,258.87,1035.48
992,2025-01-29,13,9,2,414.16,828.32
993,2025-03-05,11,10,4,401.47,1605.88
994,2025-03-04,20,10,3,122.66,367.98
995,2025-05-09,37,8,1,216.61,216.61
996,2025-05-12,18,2,4,256.49,1025.96
997,2024-12-23,15,9,2,483.51,967.02
998,2025-05-19,38,10,2,392.0,784.0
999,2025-02-24,48,3,1,294.3,294.3
1000,2024-12-13,30,10,2,467.99,935.98
